{"cameraMode":{"drawMode":0,"name":"Shaded","section":"Shading Mode"},"sceneLighting":true,"audioPlay":false,"sceneViewState":{"showFog":true,"showMaterialUpdate":false,"showSkybox":false,"showFlares":true,"showImageEffects":true,"showParticleSystems":true},"in2DMode":false,"pivot":{"x":529.4500122070313,"y":955.5750122070313,"z":6.130000114440918},"rotation":{"x":-0.007809405215084553,"y":0.0035969933960586788,"z":-0.00002837282772816252,"w":-0.999964714050293},"size":3664.7216796875,"orthographic":false}