{"cameraMode":{"drawMode":0,"name":"Shaded","section":"Shading Mode"},"sceneLighting":true,"audioPlay":false,"sceneViewState":{"showFog":true,"showMaterialUpdate":false,"showSkybox":true,"showFlares":true,"showImageEffects":true,"showParticleSystems":true},"in2DMode":false,"pivot":{"x":0.39546602964401247,"y":-1.5083824396133423,"z":-0.09580516815185547},"rotation":{"x":-0.007809405215084553,"y":0.0035969933960586788,"z":-0.00002837282772816252,"w":-0.999964714050293},"size":4.99414587020874,"orthographic":false}