{"cameraMode":{"drawMode":0,"name":"Shaded","section":"Shading Mode"},"sceneLighting":true,"audioPlay":false,"sceneViewState":{"showFog":true,"showMaterialUpdate":false,"showSkybox":true,"showFlares":true,"showImageEffects":true,"showParticleSystems":true},"in2DMode":false,"pivot":{"x":-13.160449028015137,"y":-1.508365273475647,"z":-0.19333648681640626},"rotation":{"x":-0.007809405215084553,"y":0.0035969933960586788,"z":-0.00002837282772816252,"w":-0.999964714050293},"size":9.991561889648438,"orthographic":false}