{"cameraMode":{"drawMode":0,"name":"Shaded","section":"Shading Mode"},"sceneLighting":false,"audioPlay":false,"sceneViewState":{"showFog":true,"showMaterialUpdate":false,"showSkybox":false,"showFlares":true,"showImageEffects":true,"showParticleSystems":true},"in2DMode":false,"pivot":{"x":-14.5811128616333,"y":-3.440103054046631,"z":-0.019782066345214845},"rotation":{"x":-0.09018565714359284,"y":-0.005380610935389996,"z":0.00048719646292738616,"w":-0.9959108233451843},"size":9.100386619567871,"orthographic":false}