{"cameraMode":{"drawMode":0,"name":"Shaded","section":"Shading Mode"},"sceneLighting":true,"audioPlay":false,"sceneViewState":{"showFog":true,"showMaterialUpdate":false,"showSkybox":true,"showFlares":true,"showImageEffects":true,"showParticleSystems":true},"in2DMode":false,"pivot":{"x":-13.644392013549805,"y":0.7001339197158814,"z":-0.1065816879272461},"rotation":{"x":-0.007809405215084553,"y":0.0035969933960586788,"z":-0.00002837282772816252,"w":-0.999964714050293},"size":10.036479949951172,"orthographic":false}